order_detail_id,order_id,product_id,quantity
1,1001,16,3
2,1002,34,2
3,1002,5,1
4,1002,26,4
5,1003,15,2
6,1003,4,1
7,1004,22,4
8,1005,19,2
9,1006,22,1
10,1006,34,3
11,1007,25,2
12,1008,25,3
13,1008,23,1
14,1008,19,4
15,1009,11,3
16,1009,15,4
17,1009,12,2
18,1010,2,2
19,1011,17,2
20,1012,21,3
21,1013,28,4
22,1014,3,4
23,1014,30,4
24,1015,20,3
25,1015,15,1
26,1016,31,2
27,1016,5,4
28,1017,30,1
29,1017,1,1
30,1018,23,2
31,1018,1,4
32,1018,3,4
33,1019,12,1
34,1020,9,3
35,1020,9,4
36,1021,23,2
37,1021,23,1
38,1021,6,1
39,1022,15,1
40,1023,7,3
41,1023,10,3
42,1023,29,2
43,1024,32,1
44,1025,2,2
45,1025,1,4
46,1025,7,4
47,1026,27,1
48,1026,7,3
49,1026,20,3
50,1027,2,4
51,1027,31,4
52,1027,26,4
53,1028,32,4
54,1028,19,1
55,1028,18,1
56,1029,3,4
57,1029,27,3
58,1029,10,4
59,1030,36,3
60,1031,26,3
61,1031,2,2
62,1031,17,2
63,1032,18,3
64,1033,12,1
65,1033,36,4
66,1034,20,3
67,1034,13,2
68,1034,36,2
69,1035,19,1
70,1035,16,1
71,1036,15,4
72,1036,26,2
73,1036,8,4
74,1037,11,4
75,1038,24,4
76,1039,25,4
77,1040,2,1
78,1040,12,4
79,1040,4,2
80,1041,21,1
81,1041,34,3
82,1041,16,2
83,1042,21,2
84,1042,4,1
85,1042,20,4
86,1043,31,2
87,1044,24,2
88,1044,9,3
89,1045,13,2
90,1045,32,3
91,1045,34,4
92,1046,35,1
93,1046,9,4
94,1046,32,3
95,1047,27,3
96,1047,15,2
97,1047,11,3
98,1048,23,2
99,1048,22,3
100,1048,34,3
101,1049,29,4
102,1050,27,4
103,1050,8,3
104,1051,23,4
105,1051,27,3
106,1051,19,2
107,1052,23,1
108,1052,29,3
109,1052,26,1
110,1053,2,2
111,1054,32,2
112,1054,23,2
113,1055,12,3
114,1055,20,1
115,1055,1,4
116,1056,36,4
117,1056,1,4
118,1057,33,4
119,1058,26,1
120,1058,11,4
121,1058,14,4
122,1059,27,1
123,1059,16,4
124,1059,1,1
125,1060,1,2
126,1060,36,1
127,1061,9,4
128,1061,35,1
129,1062,5,4
130,1062,20,1
131,1063,7,1
132,1063,29,2
133,1063,13,2
134,1064,27,4
135,1064,7,2
136,1064,27,4
137,1065,26,2
138,1065,13,3
139,1065,23,2
140,1066,5,3
141,1066,1,4
142,1066,3,4
143,1067,7,2
144,1067,8,4
145,1068,31,1
146,1069,14,3
147,1069,33,4
148,1069,30,3
149,1070,28,1
150,1070,3,4
151,1071,18,3
152,1071,14,1
153,1071,24,4
154,1072,6,1
155,1073,4,4
156,1073,18,1
157,1074,9,3
158,1074,10,4
159,1075,27,3
160,1076,15,2
161,1076,35,3
162,1076,15,1
163,1077,13,2
164,1078,13,4
165,1079,13,4
166,1079,4,4
167,1079,14,4
168,1080,29,3
169,1081,34,3
170,1081,9,1
171,1081,10,1
172,1082,1,1
173,1082,3,3
174,1083,9,4
175,1083,18,3
176,1083,12,1
177,1084,7,4
178,1084,11,2
179,1085,19,4
180,1085,1,4
181,1086,9,4
182,1086,9,4
183,1087,32,2
184,1088,22,2
185,1088,14,2
186,1088,10,3
187,1089,36,1
188,1089,4,1
189,1090,8,1
190,1090,21,4
191,1090,9,4
192,1091,32,4
193,1091,19,2
194,1091,31,1
195,1092,3,3
196,1092,36,3
197,1092,15,4
198,1093,13,1
199,1094,28,2
200,1095,19,1
201,1095,7,2
202,1096,3,4
203,1097,21,2
204,1098,32,3
205,1099,21,2
206,1099,2,3
207,1100,7,3
208,1100,8,4
209,1100,25,2
210,1101,32,2
211,1102,33,4
212,1102,6,4
213,1102,29,4
214,1103,14,3
215,1103,15,2
216,1103,31,2
217,1104,12,3
218,1104,29,2
219,1105,13,4
220,1105,3,3
221,1105,33,4
222,1106,16,4
223,1107,36,4
224,1107,17,2
225,1107,20,2
226,1108,18,4
227,1109,17,3
228,1110,3,1
229,1111,20,1
230,1111,26,3
231,1112,14,2
232,1112,16,4
233,1113,22,4
234,1113,24,4
235,1113,35,2
236,1114,36,2
237,1114,31,2
238,1115,22,4
239,1115,12,4
240,1115,34,2
241,1116,33,2
242,1116,23,4
243,1117,32,2
244,1118,24,4
245,1118,36,3
246,1119,27,3
247,1120,18,1
248,1120,24,3
249,1121,31,4
250,1122,27,1
251,1122,7,3
252,1122,32,4
253,1123,6,1
254,1123,17,4
255,1124,6,2
256,1124,2,4
257,1125,25,4
258,1125,36,2
259,1126,33,1
260,1126,31,1
261,1127,25,4
262,1127,34,3
263,1128,16,2
264,1128,36,3
265,1128,34,4
266,1129,32,2
267,1129,8,1
268,1130,16,4
269,1130,4,1
270,1130,29,4
271,1131,36,2
272,1132,27,3
273,1132,13,4
274,1133,9,3
275,1133,5,3
276,1134,22,3
277,1135,24,4
278,1136,1,1
279,1137,21,4
280,1137,27,3
281,1137,5,4
282,1138,24,1
283,1139,30,1
284,1139,15,4
285,1139,30,4
286,1140,1,3
287,1140,7,2
288,1140,11,2
289,1141,16,4
290,1141,23,4
291,1142,16,3
292,1142,18,4
293,1143,6,2
294,1143,9,4
295,1143,28,2
296,1144,16,3
297,1145,29,2
298,1146,14,4
299,1146,31,4
300,1147,36,1
301,1147,14,1
302,1147,27,3
303,1148,23,1
304,1148,23,4
305,1149,21,4
306,1149,28,3
307,1149,27,1
308,1150,6,4
309,1150,21,4
310,1150,2,2
311,1151,20,4
312,1151,13,2
313,1151,21,3
314,1152,25,4
315,1153,13,1
316,1153,4,2
317,1154,7,1
318,1154,4,1
319,1154,24,2
320,1155,20,3
321,1155,14,2
322,1155,13,1
323,1156,5,2
324,1156,22,3
325,1156,10,3
326,1157,9,3
327,1157,7,1
328,1158,34,4
329,1158,29,1
330,1159,28,1
331,1159,30,1
332,1159,5,3
333,1160,23,3
334,1160,3,3
335,1160,26,3
336,1161,34,1
337,1161,10,4
338,1161,15,3
339,1162,28,4
340,1162,19,4
341,1163,23,2
342,1163,8,1
343,1163,23,4
344,1164,34,1
345,1164,4,1
346,1165,9,2
347,1166,24,4
348,1167,27,4
349,1167,1,1
350,1168,7,2
351,1168,7,3
352,1169,36,4
353,1169,24,4
354,1169,3,3
355,1170,23,2
356,1170,23,1
357,1171,6,2
358,1171,15,2
359,1171,30,3
360,1172,23,1
361,1173,24,1
362,1173,15,1
363,1174,24,3
364,1174,17,4
365,1174,10,4
366,1175,9,3
367,1176,29,4
368,1177,4,4
369,1177,25,3
370,1178,26,1
371,1179,5,4
372,1179,26,4
373,1180,20,4
374,1180,34,2
375,1180,27,3
376,1181,19,4
377,1181,12,4
378,1182,26,1
379,1182,12,4
380,1182,31,4
381,1183,12,1
382,1183,28,1
383,1183,2,3
384,1184,1,4
385,1185,7,2
386,1186,28,4
387,1187,12,1
388,1187,5,3
389,1187,22,1
390,1188,18,3
391,1188,29,1
392,1189,4,4
393,1189,26,2
394,1190,3,1
395,1190,31,1
396,1191,33,1
397,1191,8,3
398,1191,2,4
399,1192,8,3
400,1192,7,1
401,1193,19,4
402,1194,8,3
403,1194,23,4
404,1194,27,4
405,1195,26,1
406,1195,30,2
407,1195,16,3
408,1196,16,4
409,1196,31,4
410,1196,16,3
411,1197,5,4
412,1197,23,4
413,1197,30,2
414,1198,27,1
415,1198,25,4
416,1199,9,4
417,1199,19,4
418,1200,26,4
419,1200,6,3
420,1201,27,4
421,1201,10,1
422,1201,15,3
423,1202,32,1
424,1202,28,4
425,1202,5,1
426,1203,5,4
427,1203,13,1
428,1204,12,3
429,1204,33,4
430,1205,16,4
431,1206,19,3
432,1206,5,4
433,1207,14,3
434,1207,31,1
435,1207,11,3
436,1208,11,1
437,1209,33,4
438,1209,13,3
439,1210,34,2
440,1211,26,4
441,1211,31,2
442,1212,22,1
443,1212,18,4
444,1212,21,4
445,1213,6,4
446,1213,10,2
447,1214,33,4
448,1214,25,1
449,1215,3,3
450,1216,7,4
451,1217,8,1
452,1218,27,3
453,1219,25,1
454,1220,11,3
455,1221,6,3
456,1221,3,3
457,1221,6,1
458,1222,7,1
459,1222,8,4
460,1223,1,1
461,1223,1,1
462,1224,29,4
463,1224,17,2
464,1225,29,3
465,1225,36,4
466,1225,9,4
467,1226,14,1
468,1226,4,2
469,1227,9,1
470,1227,3,4
471,1228,2,2
472,1229,3,4
473,1229,5,3
474,1230,6,1
475,1231,35,3
476,1231,6,4
477,1232,2,3
478,1232,16,3
479,1232,34,3
480,1233,25,4
481,1233,35,1
482,1233,35,4
483,1234,21,1
484,1235,2,3
485,1235,14,2
486,1235,19,2
487,1236,23,3
488,1237,27,1
489,1238,26,3
490,1239,30,2
491,1240,25,3
492,1240,10,3
493,1241,9,2
494,1241,13,2
495,1241,9,2
496,1242,11,3
497,1243,19,3
498,1244,4,1
499,1244,12,1
500,1244,18,4
501,1245,6,1
502,1246,36,2
503,1247,11,2
504,1247,14,1
505,1247,10,1
506,1248,20,2
507,1249,29,1
508,1249,3,2
509,1249,12,1
510,1250,28,4
511,1250,11,2
512,1251,16,2
513,1251,22,4
514,1251,3,4
515,1252,21,4
516,1252,14,1
517,1252,15,2
518,1253,18,4
519,1253,31,1
520,1254,3,2
521,1254,19,4
522,1255,22,3
523,1255,36,2
524,1255,4,3
525,1256,34,4
526,1257,18,3
527,1257,9,2
528,1257,14,3
529,1258,3,4
530,1258,20,2
531,1258,11,1
532,1259,36,2
533,1259,14,2
534,1259,3,2
535,1260,20,1
536,1260,23,4
537,1260,27,4
538,1261,6,1
539,1261,6,3
540,1261,17,3
541,1262,9,3
542,1262,13,1
543,1262,3,3
544,1263,24,3
545,1263,17,1
546,1264,34,4
547,1264,2,3
548,1264,33,1
549,1265,14,3
550,1265,21,1
551,1266,27,3
552,1266,1,1
553,1266,24,1
554,1267,32,2
555,1268,19,2
556,1268,35,1
557,1269,7,1
558,1269,33,3
559,1270,11,4
560,1271,35,4
561,1271,12,1
562,1272,36,1
563,1273,6,3
564,1274,24,1
565,1274,20,2
566,1274,10,1
567,1275,7,3
568,1276,34,4
569,1276,20,3
570,1277,24,1
571,1277,24,4
572,1277,18,4
573,1278,5,2
574,1279,28,3
575,1279,1,2
576,1279,11,4
577,1280,34,1
578,1280,25,3
579,1281,5,1
580,1281,4,3
581,1281,5,4
582,1282,5,1
583,1282,32,4
584,1282,24,2
585,1283,23,3
586,1284,7,4
587,1284,14,4
588,1284,24,2
589,1285,36,4
590,1285,29,2
591,1285,25,2
592,1286,35,4
593,1286,17,3
594,1287,25,3
595,1288,10,2
596,1288,23,4
597,1288,25,2
598,1289,21,1
599,1289,15,2
600,1289,26,2
601,1290,7,1
602,1291,27,3
603,1291,36,3
604,1291,25,2
605,1292,22,2
606,1293,27,3
607,1293,32,4
608,1294,2,1
609,1294,9,4
610,1294,26,3
611,1295,15,3
612,1295,19,1
613,1296,9,2
614,1297,30,3
615,1297,20,1
616,1297,10,4
617,1298,12,4
618,1298,32,3
619,1298,3,4
620,1299,20,3
621,1299,25,2
622,1299,18,2
623,1300,28,1
624,1300,33,1
625,1300,2,2
626,1301,5,4
627,1301,27,3
628,1301,7,2
629,1302,33,4
630,1302,9,2
631,1303,23,2
632,1304,35,3
633,1304,30,4
634,1305,11,1
635,1306,7,1
636,1307,33,1
637,1307,9,2
638,1307,14,3
639,1308,30,4
640,1309,4,2
641,1309,33,2
642,1309,14,1
643,1310,2,1
644,1310,12,4
645,1310,2,2
646,1311,17,4
647,1312,20,2
648,1312,7,4
649,1312,10,2
650,1313,23,4
651,1314,6,3
652,1314,3,4
653,1314,13,1
654,1315,24,2
655,1316,15,3
656,1317,20,4
657,1318,22,4
658,1318,36,2
659,1319,7,3
660,1319,1,3
661,1320,12,4
662,1320,25,3
663,1320,22,1
664,1321,18,2
665,1322,7,3
666,1322,26,3
667,1322,10,1
668,1323,34,2
669,1323,11,2
670,1323,1,1
671,1324,4,1
672,1325,20,1
673,1325,20,1
674,1326,12,1
675,1327,19,3
676,1328,35,3
677,1328,16,3
678,1329,36,1
679,1329,22,3
680,1330,16,1
681,1330,14,1
682,1330,6,3
683,1331,24,3
684,1331,5,2
685,1331,21,1
686,1332,15,1
687,1333,10,2
688,1333,19,2
689,1333,11,2
690,1334,18,4
691,1334,23,1
692,1335,6,3
693,1335,35,2
694,1336,21,4
695,1336,22,3
696,1336,27,3
697,1337,24,3
698,1337,19,4
699,1338,24,3
700,1339,23,1
701,1339,29,1
702,1339,34,1
703,1340,3,3
704,1341,28,3
705,1341,35,1
706,1342,23,2
707,1342,14,2
708,1343,32,1
709,1343,33,3
710,1344,34,1
711,1344,13,2
712,1344,1,3
713,1345,10,3
714,1346,12,1
715,1346,23,4
716,1347,10,1
717,1347,9,4
718,1348,11,4
719,1349,1,2
720,1349,9,3
721,1349,3,1
722,1350,35,2
723,1350,6,2
724,1350,16,4
725,1351,8,2
726,1352,20,1
727,1353,11,2
728,1353,3,2
729,1354,35,3
730,1354,34,2
731,1354,13,3
732,1355,35,4
733,1356,20,4
734,1357,26,2
735,1357,22,3
736,1357,10,2
737,1358,6,4
738,1358,29,1
739,1358,31,1
740,1359,2,1
741,1359,18,3
742,1360,26,2
743,1361,28,4
744,1361,30,3
745,1361,13,2
746,1362,35,2
747,1362,12,3
748,1362,33,4
749,1363,23,1
750,1364,8,3
751,1365,5,2
752,1366,35,3
753,1366,6,3
754,1366,34,4
755,1367,34,4
756,1368,7,1
757,1368,22,2
758,1368,3,2
759,1369,36,4
760,1369,4,3
761,1369,1,1
762,1370,7,3
763,1370,24,2
764,1371,14,4
765,1371,31,1
766,1371,9,4
767,1372,26,3
768,1373,4,3
769,1374,2,4
770,1374,15,1
771,1375,36,3
772,1375,26,4
773,1376,30,4
774,1376,32,3
775,1376,22,2
776,1377,7,2
777,1377,28,2
778,1378,30,1
779,1379,31,4
780,1379,35,4
781,1380,7,4
782,1380,17,4
783,1381,28,2
784,1382,12,4
785,1382,21,4
786,1382,22,1
787,1383,4,1
788,1383,30,4
789,1383,6,2
790,1384,6,1
791,1385,32,4
792,1385,18,4
793,1386,9,4
794,1386,1,1
795,1386,32,2
796,1387,11,1
797,1387,29,1
798,1387,9,4
799,1388,23,3
800,1389,29,3
801,1390,31,2
802,1390,19,4
803,1390,15,1
804,1391,14,1
805,1391,29,3
806,1392,3,3
807,1393,34,3
808,1394,35,2
809,1395,2,1
810,1395,6,1
811,1395,16,4
812,1396,14,2
813,1396,21,3
814,1396,24,2
815,1397,18,1
816,1398,18,4
817,1398,18,1
818,1399,19,1
819,1399,29,2
820,1400,10,3
821,1400,15,3
822,1401,31,2
823,1402,31,2
824,1403,9,4
825,1404,7,2
826,1405,19,3
827,1405,17,1
828,1406,21,4
829,1406,24,4
830,1407,35,3
831,1407,6,2
832,1407,32,3
833,1408,18,2
834,1409,2,1
835,1409,36,1
836,1409,5,1
837,1410,14,3
838,1410,34,2
839,1410,31,3
840,1411,1,1
841,1411,18,3
842,1411,6,4
843,1412,35,3
844,1413,2,3
845,1413,28,4
846,1414,30,4
847,1414,31,1
848,1415,21,1
849,1415,4,3
850,1415,35,1
851,1416,17,4
852,1416,18,3
853,1416,9,4
854,1417,26,4
855,1418,1,3
856,1419,3,3
857,1419,11,1
858,1419,34,1
859,1420,24,1
860,1420,5,2
861,1420,25,2
862,1421,26,1
863,1421,24,3
864,1422,23,3
865,1422,3,1
866,1422,3,1
867,1423,9,4
868,1424,33,3
869,1424,32,2
870,1425,9,4
871,1425,1,2
872,1426,18,1
873,1426,21,1
874,1427,31,3
875,1427,5,2
876,1428,6,4
877,1428,24,3
878,1429,29,1
879,1429,20,2
880,1429,8,4
881,1430,4,2
882,1430,34,3
883,1430,13,4
884,1431,31,3
885,1431,30,1
886,1431,5,3
887,1432,34,4
888,1432,2,1
889,1433,21,4
890,1434,10,2
891,1435,28,1
892,1436,20,1
893,1436,16,3
894,1437,24,4
895,1437,26,2
896,1438,9,4
897,1439,11,4
898,1440,25,4
899,1441,3,4
900,1441,11,2
901,1441,1,4
902,1442,19,2
903,1442,7,2
904,1443,11,4
905,1444,19,2
906,1445,25,3
907,1445,7,3
908,1446,27,2
909,1446,10,1
910,1447,6,1
911,1448,9,2
912,1449,27,2
913,1449,12,2
914,1450,36,2
915,1451,23,2
916,1451,25,4
917,1451,14,1
918,1452,6,3
919,1453,16,4
920,1453,30,2
921,1454,25,4
922,1455,28,4
923,1455,15,4
924,1455,34,4
925,1456,3,1
926,1457,36,4
927,1457,32,3
928,1458,14,3
929,1458,8,2
930,1458,6,1
931,1459,22,2
932,1460,28,4
933,1461,11,4
934,1461,16,3
935,1461,13,3
936,1462,21,3
937,1462,26,2
938,1463,2,4
939,1463,12,3
940,1463,26,4
941,1464,23,4
942,1464,11,2
943,1465,25,1
944,1465,24,4
945,1466,35,2
946,1466,35,4
947,1466,4,3
948,1467,12,3
949,1467,1,3
950,1467,17,4
951,1468,31,2
952,1469,24,4
953,1469,36,3
954,1469,32,3
955,1470,18,4
956,1470,18,3
957,1471,33,1
958,1471,12,4
959,1472,13,4
960,1472,32,1
961,1473,32,1
962,1474,9,1
963,1475,28,2
964,1475,24,4
965,1476,9,2
966,1477,8,2
967,1478,1,4
968,1479,23,3
969,1480,2,3
970,1481,12,2
971,1482,10,4
972,1482,32,2
973,1482,33,4
974,1483,32,3
975,1483,26,3
976,1484,14,4
977,1485,31,2
978,1486,12,4
979,1486,18,2
980,1487,10,4
981,1487,17,2
982,1488,11,2
983,1488,17,1
984,1489,33,1
985,1489,35,3
986,1490,10,1
987,1491,7,3
988,1491,19,2
989,1491,18,1
990,1492,7,1
991,1492,20,3
992,1492,13,3
993,1493,17,2
994,1494,16,3
995,1494,8,4
996,1494,29,1
997,1495,19,2
998,1496,32,4
999,1496,8,2
1000,1496,13,1
1001,1497,29,3
1002,1497,26,2
1003,1498,9,3
1004,1499,28,1
1005,1499,1,4
1006,1499,33,4
1007,1500,26,3
1008,1500,25,3
1009,1500,14,2
1010,1501,20,4
1011,1501,3,3
1012,1501,5,1
1013,1502,29,1
1014,1502,7,4
1015,1503,15,3
1016,1504,27,3
1017,1504,5,2
1018,1504,16,4
1019,1505,14,1
1020,1505,19,3
1021,1505,6,1
1022,1506,4,2
1023,1507,10,2
1024,1507,19,1
1025,1507,3,2
1026,1508,14,1
1027,1508,36,1
1028,1509,19,3
1029,1510,24,4
1030,1510,6,4
1031,1510,22,2
1032,1511,20,1
1033,1512,9,4
1034,1513,32,1
1035,1514,12,4
1036,1514,5,1
1037,1514,33,2
1038,1515,14,4
1039,1515,32,4
1040,1515,1,1
1041,1516,7,4
1042,1516,36,4
1043,1516,14,4
1044,1517,28,2
1045,1517,12,3
1046,1517,15,1
1047,1518,2,4
1048,1518,21,2
1049,1518,2,2
1050,1519,24,1
1051,1519,10,4
1052,1520,11,2
1053,1521,25,1
1054,1521,28,1
1055,1522,17,3
1056,1522,15,2
1057,1523,1,1
1058,1524,10,2
1059,1525,36,2
1060,1525,11,4
1061,1525,23,3
1062,1526,18,4
1063,1526,35,2
1064,1526,35,3
1065,1527,33,1
1066,1528,22,4
1067,1529,7,1
1068,1529,31,4
1069,1530,28,4
1070,1531,14,3
1071,1531,8,2
1072,1531,32,4
1073,1532,3,1
1074,1533,22,2
1075,1533,24,4
1076,1534,23,1
1077,1534,36,3
1078,1535,35,1
1079,1535,20,2
1080,1535,31,4
1081,1536,1,4
1082,1536,12,2
1083,1536,35,4
1084,1537,19,2
1085,1537,6,4
1086,1537,18,4
1087,1538,26,2
1088,1539,14,1
1089,1540,25,4
1090,1541,11,4
1091,1541,24,3
1092,1542,5,1
1093,1543,29,4
1094,1543,27,1
1095,1543,29,4
1096,1544,29,2
1097,1545,10,1
1098,1546,32,1
1099,1547,3,1
1100,1548,6,3
1101,1548,14,1
1102,1548,15,1
1103,1549,13,3
1104,1549,32,4
1105,1549,18,4
1106,1550,32,4
1107,1550,5,3
1108,1551,2,2
1109,1551,3,4
1110,1552,15,3
1111,1552,14,1
1112,1553,29,1
1113,1553,33,4
1114,1554,1,2
1115,1554,19,4
1116,1554,21,1
1117,1555,22,4
1118,1555,22,3
1119,1555,24,2
1120,1556,31,4
1121,1557,24,3
1122,1557,17,2
1123,1558,14,1
1124,1559,17,4
1125,1559,7,1
1126,1560,14,4
1127,1561,22,2
1128,1561,12,1
1129,1561,17,4
1130,1562,30,3
1131,1563,10,3
1132,1563,22,2
1133,1564,32,1
1134,1565,28,2
1135,1565,10,4
1136,1565,10,2
1137,1566,9,3
1138,1566,11,4
1139,1567,5,1
1140,1567,12,4
1141,1567,21,3
1142,1568,32,1
1143,1568,26,4
1144,1569,23,1
1145,1569,4,4
1146,1569,10,3
1147,1570,18,2
1148,1570,35,3
1149,1571,22,1
1150,1571,15,1
1151,1571,31,4
1152,1572,28,2
1153,1572,20,4
1154,1572,27,2
1155,1573,15,1
1156,1574,35,4
1157,1575,10,1
1158,1575,5,2
1159,1575,34,2
1160,1576,35,2
1161,1577,12,2
1162,1577,21,1
1163,1577,8,1
1164,1578,23,4
1165,1579,8,1
1166,1580,15,1
1167,1581,30,1
1168,1582,26,3
1169,1583,3,1
1170,1583,10,2
1171,1583,30,4
1172,1584,24,1
1173,1584,4,3
1174,1584,25,3
1175,1585,9,1
1176,1585,34,3
1177,1585,11,1
1178,1586,9,1
1179,1587,16,2
1180,1587,7,2
1181,1588,6,3
1182,1588,29,4
1183,1589,25,2
1184,1589,25,1
1185,1589,21,2
1186,1590,31,1
1187,1591,24,4
1188,1592,20,4
1189,1592,8,4
1190,1592,16,1
1191,1593,10,3
1192,1593,31,2
1193,1593,36,1
1194,1594,11,3
1195,1594,22,3
1196,1594,29,4
1197,1595,4,3
1198,1596,23,3
1199,1596,33,3
1200,1596,2,1
1201,1597,8,4
1202,1598,10,3
1203,1598,16,3
1204,1599,31,3
1205,1599,34,4
1206,1599,14,4
1207,1600,28,2
1208,1600,36,4
1209,1600,4,1
1210,1601,18,3
1211,1602,11,4
1212,1603,34,3
1213,1603,29,3
1214,1603,8,1
1215,1604,25,1
1216,1604,14,1
1217,1605,30,1
1218,1606,34,2
1219,1606,29,2
1220,1606,27,1
1221,1607,24,4
1222,1608,34,2
1223,1608,33,2
1224,1608,31,2
1225,1609,14,2
1226,1609,32,1
1227,1609,28,1
1228,1610,22,3
1229,1610,23,4
1230,1611,4,4
1231,1611,29,4
1232,1612,30,2
1233,1612,28,4
1234,1613,23,1
1235,1613,25,4
1236,1613,8,2
1237,1614,30,2
1238,1614,29,2
1239,1614,28,4
1240,1615,9,2
1241,1616,10,2
1242,1616,6,2
1243,1617,31,3
1244,1618,28,3
1245,1618,14,3
1246,1618,7,2
1247,1619,11,2
1248,1619,15,1
1249,1620,19,2
1250,1621,29,1
1251,1622,31,1
1252,1622,32,4
1253,1623,31,2
1254,1624,24,4
1255,1625,13,2
1256,1625,13,4
1257,1625,25,1
1258,1626,7,3
1259,1627,26,2
1260,1627,36,3
1261,1628,26,4
1262,1628,36,4
1263,1628,31,1
1264,1629,26,3
1265,1629,33,1
1266,1630,2,3
1267,1630,15,4
1268,1630,22,2
1269,1631,29,3
1270,1631,36,1
1271,1631,3,3
1272,1632,4,2
1273,1633,19,1
1274,1634,28,1
1275,1634,2,4
1276,1634,26,3
1277,1635,5,2
1278,1635,4,3
1279,1635,28,4
1280,1636,32,3
1281,1636,8,4
1282,1637,11,3
1283,1638,34,2
1284,1638,4,3
1285,1639,22,4
1286,1639,35,4
1287,1640,12,3
1288,1640,34,2
1289,1640,3,4
1290,1641,3,3
1291,1641,11,4
1292,1641,21,1
1293,1642,22,4
1294,1642,30,3
1295,1642,18,3
1296,1643,11,4
1297,1643,4,4
1298,1643,31,3
1299,1644,29,4
1300,1645,31,1
1301,1645,12,1
1302,1645,17,3
1303,1646,12,1
1304,1646,21,2
1305,1647,5,1
1306,1647,9,3
1307,1648,13,1
1308,1649,12,2
1309,1649,36,2
1310,1649,17,3
1311,1650,11,2
1312,1650,4,1
1313,1651,12,3
1314,1651,5,1
1315,1652,29,2
1316,1652,16,4
1317,1652,10,1
1318,1653,2,4
1319,1653,18,1
1320,1654,26,3
1321,1654,8,3
1322,1655,35,3
1323,1655,15,3
1324,1656,23,3
1325,1657,18,4
1326,1658,14,2
1327,1658,22,1
1328,1659,22,3
1329,1659,7,4
1330,1659,27,3
1331,1660,13,3
1332,1661,29,3
1333,1661,10,3
1334,1662,31,3
1335,1662,16,1
1336,1663,19,1
1337,1663,6,4
1338,1664,21,1
1339,1664,14,4
1340,1665,17,2
1341,1665,30,2
1342,1666,30,3
1343,1666,35,2
1344,1667,7,2
1345,1667,14,4
1346,1667,8,1
1347,1668,34,4
1348,1669,11,2
1349,1669,13,3
1350,1670,20,2
1351,1670,16,2
1352,1671,34,1
1353,1671,21,1
1354,1671,33,3
1355,1672,31,3
1356,1672,20,3
1357,1672,3,4
1358,1673,25,3
1359,1673,33,1
1360,1673,12,2
1361,1674,22,1
1362,1675,13,4
1363,1675,33,1
1364,1676,8,1
1365,1676,32,3
1366,1677,4,1
1367,1678,13,2
1368,1678,10,1
1369,1678,5,2
1370,1679,26,1
1371,1679,2,4
1372,1679,16,3
1373,1680,7,2
1374,1680,18,3
1375,1681,31,4
1376,1681,27,1
1377,1681,34,2
1378,1682,16,4
1379,1682,36,3
1380,1682,32,2
1381,1683,16,2
1382,1683,21,4
1383,1684,32,3
1384,1685,29,1
1385,1686,27,4
1386,1687,3,3
1387,1687,33,2
1388,1687,33,2
1389,1688,12,4
1390,1689,12,1
1391,1690,19,2
1392,1691,27,3
1393,1692,19,4
1394,1692,11,1
1395,1693,19,3
1396,1693,17,1
1397,1694,25,2
1398,1694,10,1
1399,1695,8,3
1400,1695,22,2
1401,1695,5,2
1402,1696,35,3
1403,1696,22,4
1404,1696,21,2
1405,1697,8,4
1406,1698,26,4
1407,1699,34,1
1408,1699,7,2
1409,1700,19,2
1410,1700,15,2
1411,1701,25,4
1412,1701,15,4
1413,1701,27,2
1414,1702,17,4
1415,1702,31,3
1416,1702,20,2
1417,1703,35,4
1418,1703,34,3
1419,1703,31,2
1420,1704,6,1
1421,1704,20,1
1422,1704,26,3
1423,1705,14,3
1424,1705,19,3
1425,1705,36,3
1426,1706,15,1
1427,1707,10,2
1428,1708,29,2
1429,1708,34,4
1430,1709,13,3
1431,1709,3,2
1432,1710,7,4
1433,1710,2,2
1434,1710,36,1
1435,1711,13,3
1436,1711,20,3
1437,1711,1,3
1438,1712,8,1
1439,1712,14,1
1440,1712,28,3
1441,1713,15,4
1442,1714,35,1
1443,1714,16,1
1444,1715,7,2
1445,1715,32,2
1446,1715,3,3
1447,1716,31,1
1448,1717,3,3
1449,1717,2,4
1450,1717,9,1
1451,1718,16,1
1452,1718,29,3
1453,1719,9,4
1454,1719,10,3
1455,1720,36,3
1456,1720,8,4
1457,1720,31,1
1458,1721,19,4
1459,1722,3,1
1460,1723,32,2
1461,1724,3,3
1462,1724,11,3
1463,1724,2,3
1464,1725,21,2
1465,1726,19,1
1466,1726,21,4
1467,1726,8,3
1468,1727,9,4
1469,1728,32,2
1470,1728,11,2
1471,1729,34,3
1472,1729,6,2
1473,1729,20,1
1474,1730,23,4
1475,1730,36,2
1476,1731,4,1
1477,1732,25,3
1478,1732,31,3
1479,1732,30,4
1480,1733,21,3
1481,1733,20,4
1482,1734,34,4
1483,1734,5,1
1484,1735,4,4
1485,1735,24,4
1486,1736,36,4
1487,1736,7,3
1488,1736,19,1
1489,1737,30,1
1490,1738,9,3
1491,1738,2,3
1492,1739,13,2
1493,1739,11,1
1494,1740,11,1
1495,1741,17,4
1496,1742,25,3
1497,1742,15,4
1498,1742,5,3
1499,1743,11,3
1500,1743,20,2
1501,1743,13,3
1502,1744,18,3
1503,1744,7,2
1504,1744,13,4
1505,1745,27,1
1506,1746,13,2
1507,1747,26,4
1508,1747,34,2
1509,1747,26,1
1510,1748,20,3
1511,1749,7,4
1512,1749,25,1
1513,1749,5,3
1514,1750,4,2
1515,1750,28,4
1516,1751,22,2
1517,1751,13,4
1518,1751,27,1
1519,1752,9,4
1520,1752,30,2
1521,1753,24,1
1522,1753,34,3
1523,1753,2,1
1524,1754,31,4
1525,1754,6,2
1526,1754,33,3
1527,1755,22,2
1528,1755,18,2
1529,1755,13,2
1530,1756,3,1
1531,1756,10,3
1532,1756,19,1
1533,1757,24,4
1534,1757,25,1
1535,1757,8,2
1536,1758,15,1
1537,1759,34,1
1538,1760,15,4
1539,1760,31,1
1540,1760,3,4
1541,1761,14,1
1542,1761,3,1
1543,1762,17,1
1544,1762,19,3
1545,1763,35,3
1546,1764,14,3
1547,1764,19,3
1548,1765,21,4
1549,1765,15,4
1550,1766,29,4
1551,1766,35,1
1552,1766,4,3
1553,1767,26,4
1554,1767,31,3
1555,1767,24,4
1556,1768,18,2
1557,1768,27,4
1558,1769,5,1
1559,1769,18,4
1560,1769,26,2
1561,1770,9,3
1562,1770,9,2
1563,1771,23,3
1564,1771,22,2
1565,1772,34,1
1566,1772,34,2
1567,1773,14,2
1568,1773,33,1
1569,1774,17,4
1570,1774,32,1
1571,1774,12,2
1572,1775,29,1
1573,1776,14,1
1574,1777,35,4
1575,1778,28,2
1576,1779,1,2
1577,1780,12,3
1578,1780,25,4
1579,1780,12,3
1580,1781,17,4
1581,1781,34,1
1582,1781,36,3
1583,1782,31,1
1584,1782,21,2
1585,1782,33,2
1586,1783,34,2
1587,1783,5,3
1588,1784,3,1
1589,1784,15,1
1590,1784,33,1
1591,1785,23,4
1592,1786,2,3
1593,1786,28,3
1594,1786,2,2
1595,1787,34,4
1596,1788,32,1
1597,1788,18,4
1598,1789,18,4
1599,1789,23,1
1600,1789,30,1
1601,1790,5,1
1602,1790,4,3
1603,1791,8,4
1604,1792,17,4
1605,1792,17,1
1606,1793,30,1
1607,1793,10,4
1608,1793,10,1
1609,1794,12,3
1610,1794,35,3
1611,1795,5,4
1612,1795,26,1
1613,1796,24,2
1614,1796,11,3
1615,1796,4,2
1616,1797,26,4
1617,1797,4,4
1618,1798,17,2
1619,1798,27,2
1620,1799,12,1
1621,1799,29,1
1622,1799,1,4
1623,1800,16,1
1624,1801,19,1
1625,1801,10,3
1626,1802,13,1
1627,1802,6,3
1628,1802,24,1
1629,1803,32,1
1630,1803,30,2
1631,1803,25,1
1632,1804,15,3
1633,1804,1,2
1634,1804,30,1
1635,1805,17,1
1636,1805,34,4
1637,1805,18,3
1638,1806,35,2
1639,1806,4,2
1640,1807,5,4
1641,1808,23,2
1642,1808,13,1
1643,1808,33,4
1644,1809,35,3
1645,1810,8,3
1646,1810,34,1
1647,1810,36,4
1648,1811,11,1
1649,1811,12,3
1650,1811,20,1
1651,1812,35,2
1652,1813,6,1
1653,1814,13,4
1654,1814,2,4
1655,1815,34,1
1656,1816,9,1
1657,1816,14,1
1658,1817,27,1
1659,1817,6,4
1660,1818,24,2
1661,1819,18,4
1662,1820,17,4
1663,1821,34,1
1664,1821,7,1
1665,1821,20,3
1666,1822,33,4
1667,1823,2,2
1668,1823,3,3
1669,1824,35,1
1670,1824,35,1
1671,1825,22,1
1672,1825,26,3
1673,1826,21,2
1674,1826,18,2
1675,1826,22,3
1676,1827,5,2
1677,1828,24,4
1678,1829,31,1
1679,1829,20,3
1680,1829,3,4
1681,1830,23,2
1682,1830,18,3
1683,1831,24,1
1684,1832,15,2
1685,1832,4,4
1686,1832,3,1
1687,1833,28,1
1688,1834,14,3
1689,1835,32,4
1690,1835,13,3
1691,1836,11,1
1692,1836,13,2
1693,1837,24,4
1694,1837,34,4
1695,1837,34,2
1696,1838,3,4
1697,1838,19,4
1698,1839,16,1
1699,1839,19,2
1700,1840,16,1
1701,1840,31,4
1702,1840,32,2
1703,1841,26,3
1704,1841,4,1
1705,1842,3,2
1706,1843,18,3
1707,1843,10,4
1708,1843,16,3
1709,1844,1,1
1710,1845,24,2
1711,1845,33,1
1712,1845,30,3
1713,1846,26,2
1714,1846,12,3
1715,1847,4,4
1716,1848,25,3
1717,1848,35,2
1718,1848,28,1
1719,1849,33,2
1720,1850,4,1
1721,1850,22,4
1722,1851,9,4
1723,1851,30,3
1724,1851,1,3
1725,1852,32,1
1726,1852,23,4
1727,1853,19,2
1728,1853,33,1
1729,1854,13,1
1730,1855,13,3
1731,1855,11,2
1732,1856,25,3
1733,1856,32,1
1734,1856,8,2
1735,1857,3,1
1736,1858,8,4
1737,1858,27,1
1738,1858,18,1
1739,1859,5,1
1740,1859,29,4
1741,1860,14,2
1742,1861,7,2
1743,1862,11,4
1744,1862,14,4
1745,1863,30,2
1746,1863,21,1
1747,1864,22,4
1748,1864,32,1
1749,1865,10,2
1750,1865,17,4
1751,1865,10,4
1752,1866,17,1
1753,1866,30,3
1754,1867,17,2
1755,1867,5,2
1756,1867,22,1
1757,1868,15,2
1758,1868,11,4
1759,1869,9,1
1760,1869,35,1
1761,1869,24,3
1762,1870,29,4
1763,1870,5,3
1764,1871,23,4
1765,1872,9,1
1766,1873,30,4
1767,1873,1,1
1768,1874,23,3
1769,1874,2,4
1770,1874,15,1
1771,1875,19,3
1772,1875,17,1
1773,1875,13,4
1774,1876,16,3
1775,1876,25,4
1776,1876,21,2
1777,1877,31,1
1778,1877,34,2
1779,1877,32,3
1780,1878,1,4
1781,1879,30,2
1782,1880,27,4
1783,1880,28,2
1784,1881,20,1
1785,1881,11,2
1786,1881,11,2
1787,1882,14,4
1788,1882,25,4
1789,1883,33,3
1790,1883,19,1
1791,1883,3,3
1792,1884,22,3
1793,1885,20,1
1794,1886,19,2
1795,1886,34,4
1796,1886,19,1
1797,1887,29,3
1798,1887,8,2
1799,1888,12,1
1800,1888,7,2
1801,1889,11,2
1802,1890,8,3
1803,1890,14,2
1804,1891,16,1
1805,1892,22,3
1806,1892,23,4
1807,1892,11,3
1808,1893,25,2
1809,1893,29,3
1810,1894,36,2
1811,1895,14,2
1812,1896,7,3
1813,1896,16,4
1814,1896,26,2
1815,1897,15,4
1816,1898,35,3
1817,1899,8,2
1818,1899,6,2
1819,1899,28,2
1820,1900,2,4
1821,1900,2,1
1822,1901,28,2
1823,1901,8,2
1824,1902,12,1
1825,1903,25,4
1826,1903,30,4
1827,1904,20,4
1828,1904,14,4
1829,1905,27,4
1830,1906,1,4
1831,1906,8,4
1832,1906,9,3
1833,1907,14,1
1834,1907,5,3
1835,1908,27,1
1836,1908,15,4
1837,1908,34,3
1838,1909,32,4
1839,1909,29,4
1840,1909,19,3
1841,1910,25,3
1842,1911,29,3
1843,1912,24,4
1844,1912,22,3
1845,1912,2,2
1846,1913,30,1
1847,1913,34,1
1848,1913,26,2
1849,1914,6,3
1850,1914,16,2
1851,1915,15,2
1852,1915,24,2
1853,1916,3,1
1854,1916,18,2
1855,1916,32,1
1856,1917,31,3
1857,1917,30,1
1858,1917,17,3
1859,1918,7,2
1860,1919,26,4
1861,1920,18,4
1862,1921,6,2
1863,1921,30,2
1864,1921,25,2
1865,1922,17,3
1866,1922,11,4
1867,1923,9,2
1868,1923,28,4
1869,1924,11,2
1870,1924,15,1
1871,1925,34,2
1872,1925,30,2
1873,1926,13,2
1874,1926,31,1
1875,1926,21,2
1876,1927,16,1
1877,1927,7,2
1878,1927,25,4
1879,1928,16,2
1880,1928,25,4
1881,1929,32,3
1882,1929,22,3
1883,1930,34,1
1884,1930,14,2
1885,1930,8,4
1886,1931,10,1
1887,1931,23,4
1888,1932,16,4
1889,1932,24,1
1890,1932,35,4
1891,1933,4,1
1892,1933,28,3
1893,1934,4,2
1894,1934,30,4
1895,1934,17,2
1896,1935,35,3
1897,1935,22,3
1898,1935,33,3
1899,1936,18,3
1900,1937,5,3
1901,1937,16,3
1902,1938,10,4
1903,1938,16,1
1904,1938,18,4
1905,1939,15,1
1906,1939,20,4
1907,1940,12,1
1908,1941,32,2
1909,1941,22,1
1910,1941,36,2
1911,1942,36,2
1912,1942,6,2
1913,1943,29,3
1914,1944,33,4
1915,1944,31,2
1916,1945,32,1
1917,1945,32,1
1918,1945,2,2
1919,1946,20,2
1920,1946,10,3
1921,1946,24,3
1922,1947,26,4
1923,1948,17,4
1924,1948,17,4
1925,1949,20,4
1926,1949,14,2
1927,1950,14,4
1928,1950,36,4
1929,1951,27,2
1930,1951,32,2
1931,1952,7,1
1932,1952,9,3
1933,1953,20,4
1934,1954,34,4
1935,1954,22,4
1936,1955,7,3
1937,1955,26,4
1938,1956,23,3
1939,1956,11,3
1940,1956,21,2
1941,1957,18,2
1942,1958,7,4
1943,1959,10,4
1944,1959,21,4
1945,1959,5,4
1946,1960,14,3
1947,1961,10,4
1948,1962,16,2
1949,1962,15,2
1950,1963,36,3
1951,1963,20,4
1952,1963,27,2
1953,1964,12,1
1954,1965,8,1
1955,1966,28,3
1956,1966,4,4
1957,1966,4,1
1958,1967,7,3
1959,1967,7,3
1960,1968,17,2
1961,1968,11,4
1962,1968,13,4
1963,1969,32,1
1964,1970,30,1
1965,1971,21,3
1966,1972,8,3
1967,1972,19,4
1968,1972,19,1
1969,1973,29,2
1970,1973,25,1
1971,1974,1,2
1972,1974,5,2
1973,1975,4,2
1974,1975,30,1
1975,1975,17,4
1976,1976,30,3
1977,1977,16,3
1978,1977,8,4
1979,1978,21,1
1980,1978,20,2
1981,1978,30,2
1982,1979,14,3
1983,1979,22,1
1984,1980,24,4
1985,1981,4,3
1986,1982,33,4
1987,1983,31,1
1988,1984,33,3
1989,1984,26,2
1990,1985,25,4
1991,1985,26,3
1992,1986,7,1
1993,1986,12,4
1994,1986,20,3
1995,1987,21,4
1996,1987,29,2
1997,1988,5,4
1998,1988,34,3
1999,1989,6,1
2000,1989,13,1
2001,1990,22,1
2002,1991,5,1
2003,1991,24,4
2004,1991,4,4
2005,1992,29,1
2006,1992,4,2
2007,1993,25,2
2008,1993,24,3
2009,1993,9,1
2010,1994,21,3
2011,1994,28,1
2012,1994,7,1
2013,1995,9,2
2014,1995,29,4
2015,1995,18,2
2016,1996,32,2
2017,1996,7,2
2018,1996,9,2
2019,1997,21,2
2020,1997,1,4
2021,1997,36,3
2022,1998,9,3
2023,1999,18,3
2024,1999,23,2
2025,1999,21,1
2026,2000,28,1
2027,2000,17,4
2028,2000,30,1
